Workbook

Sheet 01_MODELS
A1: MODEL CATALOG | papers, code & configurations
A3: Model ID | B3: Role | C3: Family/architecture | D3: Paper title / model source | E3: Paper DOI / URL | F3: Code URL | G3: Weights / configuration | H3: Expected epochs
A4: YOLO26n | B4: Student | C4: YOLO26 | D4: Ultralytics YOLO26 documentation | E4: https://docs.ultralytics.com/models/yolo26/ | F4: https://github.com/ultralytics/ultralytics | H4: 100
A5: YOLOv11-MFF | B5: Student | C5: YOLO11 + custom MFF | D5: YOLOv11-MFF (PLOS ONE) | E5: https://github.com/guanli-nangong/chest-X-ray-Anomaly-detection | F5: https://github.com/guanli-nangong/chest-X-ray-Anomaly-detection | H5: 300
A6: YOLO11m | B6: Teacher candidate | C6: YOLO11 | D6: Ultralytics YOLO11 documentation | E6: https://docs.ultralytics.com/models/yolo11/ | F6: https://github.com/ultralytics/ultralytics | H6: 100
A7: YOLO11n | B7: Student / Baseline | C7: YOLO11 | D7: Ultralytics YOLO11 documentation | E7: https://docs.ultralytics.com/models/yolo11/ | F7: https://github.com/ultralytics/ultralytics | H7: 100
A8: YOLO26s | B8: Student / Baseline | C8: YOLO26 | D8: Ultralytics YOLO26 documentation | E8: https://docs.ultralytics.com/models/yolo26/ | F8: https://github.com/ultralytics/ultralytics | H8: 100
A9: YOLOv8s | B9: Student / Baseline | C9: YOLOv8 | D9: Ultralytics YOLOv8 documentation | E9: https://docs.ultralytics.com/models/yolov8/ | F9: https://github.com/ultralytics/ultralytics | H9: 100

Sheet 02_RUNS
A1: RUN LOG | enter one record per model × seed
A3: Run ID | B3: Model ID | C3: Seed | D3: Status | E3: Role | F3: Dataset / split | G3: Evaluation split | H3: Epoch target | I3: Image size | J3: Train hours | K3: Train sec (CSV sum) | L3: Precision (B) | M3: Recall (B) | N3: F1 (B) | O3: mAP50 (B) | P3: mAP50-95 (B) | Q3: mAP40 official | R3: Params (M) | S3: GFLOPs | T3: Latency ms/img | U3: FPS | V3: Checkpoint size MB | W3: Best epoch | X3: Test mAP50 | Y3: Test mAP50-95 | Z3: best.pt path | AA3: last.pt path | AB3: results.csv path | AC3: config / args.yaml | AD3: Ultralytics version | AE3: PyTorch version | AF3: Git commit | AG3: Notes
A4: YOLO26n_s0 | B4: YOLO26n | C4: 0 | D4: Completed | E4: Student | F4: VinDr-CXR; verify actual split | G4: Validation | H4: 100 | I4: 640 | J4: 7.892 | K4: 28409.6 | L4: 0.47996967 | M4: 0.40369327 | N4: 0.43853944 | O4: 0.40118493 | P4: 0.19675769 | U4: =IF(OR(T4="",T4=0),"",1000/T4) | W4: 57 | AB4: results_26n_0.csv | AG4: Metrics updated from independent 5-seed validation CSV; best-epoch metrics in training results.csv may differ. Training hours still estimated from logs.
A5: YOLO26n_s1 | B5: YOLO26n | C5: 1 | D5: Completed | E5: Student | F5: VinDr-CXR; verify actual split | G5: Validation | H5: 100 | I5: 640 | J5: 9.097 | K5: 32748.7 | L5: 0.4625596 | M5: 0.40714968 | N5: 0.43308953 | O5: 0.40342689 | P5: 0.20015441 | U5: =IF(OR(T5="",T5=0),"",1000/T5) | W5: 74 | AB5: results26n_1.csv | AG5: Metrics updated from independent 5-seed validation CSV; best-epoch metrics in training results.csv may differ. Training hours still estimated from logs.
A6: YOLO26n_s2 | B6: YOLO26n | C6: 2 | D6: Completed | E6: Student | F6: VinDr-CXR; verify actual split | G6: Validation | H6: 100 | I6: 640 | J6: 9.443 | K6: 33995.6 | L6: 0.44233495 | M6: 0.40061324 | N6: 0.42044158 | O6: 0.39387328 | P6: 0.20156314 | U6: =IF(OR(T6="",T6=0),"",1000/T6) | W6: 69 | AB6: results26n_2.csv | AG6: Metrics updated from independent 5-seed validation CSV; best-epoch metrics in training results.csv may differ. Training hours still estimated from logs.
A7: YOLO26n_s3 | B7: YOLO26n | C7: 3 | D7: Completed | E7: Student | F7: VinDr-CXR; verify actual split | G7: Validation | H7: 100 | I7: 640 | J7: 8.813 | K7: 31727 | L7: 0.45996326 | M7: 0.38181336 | N7: 0.41726062 | O7: 0.37732613 | P7: 0.19451618 | U7: =IF(OR(T7="",T7=0),"",1000/T7) | W7: 82 | AB7: results26n_3.csv | AG7: Metrics updated from independent 5-seed validation CSV; best-epoch metrics in training results.csv may differ. Training hours still estimated from logs.
A8: YOLO26n_s4 | B8: YOLO26n | C8: 4 | D8: Completed | E8: Student | F8: VinDr-CXR; verify actual split | G8: Validation | H8: 100 | I8: 640 | J8: 9.607 | K8: 34586.1 | L8: 0.46377524 | M8: 0.41595835 | N8: 0.43856728 | O8: 0.400563 | P8: 0.20187047 | U8: =IF(OR(T8="",T8=0),"",1000/T8) | W8: 78 | AB8: results26n_4.csv | AG8: Metrics updated from independent 5-seed validation CSV; best-epoch metrics in training results.csv may differ. Training hours still estimated from logs.
A9: YOLOv11-MFF_s4 | B9: YOLOv11-MFF | C9: 4 | D9: Completed | E9: Student / Baseline | F9: VinDr-CXR; verify actual split | G9: Validation | H9: 300 | I9: 640 | J9: 28.415 | K9: 102295 | L9: 0.44918 | M9: 0.32561 | N9: =IF(OR(L9="",M9=""),"",IF(L9+M9=0,0,2*L9*M9/(L9+M9))) -> 0.37754101 | O9: 0.32394 | P9: 0.16862 | U9: =IF(OR(T9="",T9=0),"",1000/T9) | W9: 176 | AB9: results_11mff.csv | AG9: From best validation epoch by mAP50-95; 0 duplicated CSV epochs consolidated; train time estimate from CSV, NOT measured wall clock.
A10: YOLO11m_s0 | B10: YOLO11m | C10: 0 | D10: Completed | E10: Teacher candidate | F10: VinDr-CXR; split to verify | G10: Training-log validation | H10: 100 | I10: 640 | J10: 15.075056 | L10: 0.24639 | M10: 0.21037 | N10: 0.22695974 | O10: 0.17984 | P10: 0.09154 | W10: 33
A11: YOLO26s_s0 | B11: YOLO26s | C11: 0 | D11: Completed | E11: Student / Baseline | F11: VinDr-CXR; split to verify | G11: Training-log validation | H11: 100 | I11: 640 | J11: 22.647944 | L11: 0.42361 | M11: 0.3046 | N11: 0.35438021 | O11: 0.28846 | P11: 0.13884 | W11: 70
A12: YOLOv8s_s0 | B12: YOLOv8s | C12: 0 | D12: Completed | E12: Student / Baseline | F12: VinDr-CXR; split to verify | G12: Training-log validation | H12: 100 | I12: 640 | J12: 12.910806 | L12: 0.37956 | M12: 0.2695 | N12: 0.31519866 | O12: 0.2737 | P12: 0.13759 | W12: 63
A13: YOLO11m_unlabeled_yolo11m | B13: YOLO11m | D13: Completed | E13: Teacher candidate | F13: VinDr-CXR; verify split | G13: Training-log validation | H13: 100 | I13: 640 | J13: 15.075056 | K13: 54270.2 | L13: 0.24639 | M13: 0.21037 | N13: 0.22695974 | O13: 0.17984 | P13: 0.09154 | W13: 33 | AB13: yolo11m.csv | AG13: New CSV: seed/checkpoint not identified; best epoch by mAP50-95; elapsed time is cumulative CSV time (not separately measured wall clock). May overlap previous YOLO26n results; EXCLUDED from 5-seed mean.
A14: YOLO11n_unlabeled_11n | B14: YOLO11n | D14: Completed | E14: Student / Baseline | F14: VinDr-CXR; verify split | G14: Training-log validation | H14: 100 | I14: 640 | J14: 10.181667 | K14: 36654 | L14: 0.36169 | M14: 0.33637 | N14: 0.3485708 | O14: 0.29978 | P14: 0.14797 | W14: 83 | AB14: 11n.csv | AG14: New CSV: seed/checkpoint not identified; best epoch by mAP50-95; elapsed time is cumulative CSV time (not separately measured wall clock). May overlap previous YOLO26n results; EXCLUDED from 5-seed mean.
A15: YOLO26n_unlabeled_26n | B15: YOLO26n | D15: Completed | E15: Student / Baseline | F15: VinDr-CXR; verify split | G15: Training-log validation | H15: 100 | I15: 640 | J15: 14.002 | K15: 50407.2 | L15: 0.41252 | M15: 0.33673 | N15: 0.37079175 | O15: 0.32264 | P15: 0.1621 | W15: 100 | AB15: 26n.csv | AG15: New CSV: seed/checkpoint not identified; best epoch by mAP50-95; elapsed time is cumulative CSV time (not separately measured wall clock). May overlap previous YOLO26n results; EXCLUDED from 5-seed mean.
A16: YOLO26s_unlabeled_26s | B16: YOLO26s | D16: Completed | E16: Student / Baseline | F16: VinDr-CXR; verify split | G16: Training-log validation | H16: 100 | I16: 640 | J16: 22.647944 | K16: 81532.6 | L16: 0.42361 | M16: 0.3046 | N16: 0.35438021 | O16: 0.28846 | P16: 0.13884 | W16: 70 | AB16: 26s.csv | AG16: New CSV: seed/checkpoint not identified; best epoch by mAP50-95; elapsed time is cumulative CSV time (not separately measured wall clock). May overlap previous YOLO26n results; EXCLUDED from 5-seed mean.
A18: YOLOv8s_unlabeled_v8s | B18: YOLOv8s | D18: Completed | E18: Student / Baseline | F18: VinDr-CXR; verify split | G18: Training-log validation | H18: 100 | I18: 640 | J18: 12.910806 | K18: 46478.9 | L18: 0.37956 | M18: 0.2695 | N18: 0.31519866 | O18: 0.2737 | P18: 0.13759
A20: YOLO11n_s0 | B20: YOLO11n | C20: 0 | D20: Completed | E20: Student / Baseline | F20: VinDr-CXR; verify split | G20: Training-log validation | H20: 100 | I20: 640 | J20: 10.181667 | K20: 36654 | L20: 0.36169 | M20: 0.33637 | N20: 0.3485708 | O20: 0.29978 | P20: 0.14797 | W20: 63 | AB20: v8s.csv | AG20: New CSV: seed/checkpoint not identified; best epoch by mAP50-95; elapsed time is cumulative CSV time (not separately measured wall clock). May overlap previous YOLO26n results; EXCLUDED from 5-seed mean.
A21: YOLO11n_s1 | B21: YOLO11n | C21: 1 | D21: Completed | E21: Student / Baseline | F21: VinDr-CXR; split verify | G21: Validation (as supplied) | H21: 100 | I21: 640 | L21: 0.3710306 | M21: 0.35387421 | N21: 0.36224938 | O21: 0.30690194 | P21: 0.15540026
A22: YOLO11n_s2 | B22: YOLO11n | C22: 2 | D22: Completed | E22: Student / Baseline | F22: VinDr-CXR; split verify | G22: Validation (as supplied) | H22: 100 | I22: 640 | L22: 0.37233846 | M22: 0.33126696 | N22: 0.35060398 | O22: 0.30388112 | P22: 0.15286816
A23: YOLO11n_s3 | B23: YOLO11n | C23: 3 | D23: Completed | E23: Student / Baseline | F23: VinDr-CXR; split verify | G23: Validation (as supplied) | H23: 100 | I23: 640 | L23: 0.34744292 | M23: 0.36166071 | N23: 0.35440928 | O23: 0.31311466 | P23: 0.15395171
A24: YOLO11n_s4 | B24: YOLO11n | C24: 4 | D24: Completed | E24: Student / Baseline | F24: VinDr-CXR; split verify | G24: Validation (as supplied) | H24: 100 | I24: 640 | L24: 0.37581037 | M24: 0.330931 | N24: 0.35194572 | O24: 0.30354665 | P24: 0.1534194
A37: YOLO11n_s0 | B37: YOLO11n | C37: 0 | D37: Completed | E37: Student | F37: VinDr-CXR; verify actual split | G37: Validation | H37: 100 | I37: 640 | L37: 0.36188374 | M37: 0.33705829 | N37: 0.34903013 | O37: 0.29958923 | P37: 0.14780523

Sheet 03_SUMMARY
A1: MODEL COMPARISON | validation metrics across seeds
A3: Model ID | B3: Runs completed | C3: Seeds target | D3: mAP50 mean | E3: mAP50 SD | F3: mAP50-95 mean | G3: mAP50-95 SD | H3: Precision mean | I3: Recall mean | J3: F1 mean | K3: Training h mean | L3: Total training h | M3: Best mAP50 | N3: Status | O3: Notes
A4: YOLO26n | B4: =COUNTIFS('02_RUNS'!$B$4:$B$12,A4,'02_RUNS'!$D$4:$D$12,"Completed") -> 5 | C4: =COUNTIF('02_RUNS'!$B$4:$B$12,A4) -> 5 | D4: 0.39527484 | E4: 0.010647419 | F4: 0.19897238 | G4: 0.0032121159 | H4: 0.46172054 | I4: 0.40184558 | J4: 0.42957969 | K4: =IFERROR(AVERAGEIFS('02_RUNS'!$J$4:$J$12,'02_RUNS'!$B$4:$B$12,A4,'02_RUNS'!$D$4:$D$12,"Completed"),"") -> 8.9704 | L4: =IFERROR(SUMIFS('02_RUNS'!$J$4:$J$12,'02_RUNS'!$B$4:$B$12,A4),"") -> 44.852 | M4: 0.40342689 | N4: =IF(B4=0,"Not started",IF(B4<C4,"Partial","All seeds completed")) -> All seeds completed | O4: Confirmed separate 5-seed validation (0–4). New 26n.csv is NOT pooled: seed unknown; latest CSV mAP50-95=0.1621
A5: YOLOv11-MFF | B5: =COUNTIFS('02_RUNS'!$B$4:$B$12,A5,'02_RUNS'!$D$4:$D$12,"Completed") -> 1 | C5: 5 | D5: =IFERROR(AVERAGEIFS('02_RUNS'!$O$4:$O$12,'02_RUNS'!$B$4:$B$12,A5,'02_RUNS'!$G$4:$G$12,"Validation",'02_RUNS'!$D$4:$D$12,"Completed"),"") -> 0.32394 | E5: =IF(COUNT('02_RUNS'!O9:O9)<2,"",_xlfn.STDEV.S('02_RUNS'!O9:O9)) | F5: =IFERROR(AVERAGEIFS('02_RUNS'!$P$4:$P$12,'02_RUNS'!$B$4:$B$12,A5,'02_RUNS'!$G$4:$G$12,"Validation",'02_RUNS'!$D$4:$D$12,"Completed"),"") -> 0.16862 | G5: =IF(COUNT('02_RUNS'!P9:P9)<2,"",_xlfn.STDEV.S('02_RUNS'!P9:P9)) | H5: =IFERROR(AVERAGEIFS('02_RUNS'!$L$4:$L$12,'02_RUNS'!$B$4:$B$12,A5,'02_RUNS'!$D$4:$D$12,"Completed"),"") -> 0.44918 | I5: =IFERROR(AVERAGEIFS('02_RUNS'!$M$4:$M$12,'02_RUNS'!$B$4:$B$12,A5,'02_RUNS'!$D$4:$D$12,"Completed"),"") -> 0.32561 | J5: =IFERROR(AVERAGEIFS('02_RUNS'!$N$4:$N$12,'02_RUNS'!$B$4:$B$12,A5,'02_RUNS'!$D$4:$D$12,"Completed"),"") -> 0.37754101 | K5: =IFERROR(AVERAGEIFS('02_RUNS'!$J$4:$J$12,'02_RUNS'!$B$4:$B$12,A5,'02_RUNS'!$D$4:$D$12,"Completed"),"") -> 28.415 | L5: =IFERROR(SUMIFS('02_RUNS'!$J$4:$J$12,'02_RUNS'!$B$4:$B$12,A5),"") -> 28.415 | M5: =IF(COUNTIFS('02_RUNS'!$B$4:$B$12,A5,'02_RUNS'!$D$4:$D$12,"Completed",'02_RUNS'!$G$4:$G$12,"Validation")=0,"",_xlfn.MAXIFS('02_RUNS'!$O$4:$O$12,'02_RUNS'!$B$4:$B$12,A5,'02_RUNS'!$D$4:$D$12,"Completed",'02_RUNS'!$G$4:$G$12,"Validation")) -> 0.32394 | N5: =IF(B5=0,"Not started",IF(B5<C5,"Partial","All seeds completed")) -> Partial
A6: YOLO11m | B6: 1 | C6: 5 | D6: 0.17984 | F6: 0.09154 | H6: 0.24639 | I6: 0.21037 | J6: 0.22695974 | K6: 15.075056 | L6: 15.075056 | M6: 0.17984 | N6: 1 CSV; seed unknown | O6: Single uploaded training CSV; exclude from 5-seed comparison until seed and eval protocol verified.
A7: YOLO11n | B7: 5 | C7: 5 | D7: 0.30540672 | E7: 0.0050318615 | F7: 0.15268895 | G7: 0.0028880002 | H7: 0.36570122 | I7: 0.34295823 | J7: 0.3536477 | M7: 0.31311466 | N7: All 5 seeds evaluated | O7: YOLO11n seeds 0–4 from dedicated metrics files; train times unavailable; 11n.csv unassigned and excluded.
A8: YOLO26s | B8: 1 | C8: 5 | D8: 0.28846 | F8: 0.13884 | H8: 0.42361 | I8: 0.3046 | J8: 0.35438021 | K8: 22.647944 | L8: 22.647944 | M8: 0.28846 | N8: 1 CSV; seed unknown | O8: Single uploaded training CSV; exclude from 5-seed comparison until seed and eval protocol verified.
A9: YOLOv8s | B9: 1 | C9: 5 | D9: 0.2737 | F9: 0.13759 | H9: 0.37956 | I9: 0.2695 | J9: 0.31519866 | K9: 12.910806 | L9: 12.910806 | M9: 0.2737 | N9: 1 CSV; seed unknown | O9: Single uploaded training CSV; exclude from 5-seed comparison until seed and eval protocol verified.
M10: =IF(COUNTIFS('02_RUNS'!$B$4:$B$12,A10,'02_RUNS'!$D$4:$D$12,"Completed",'02_RUNS'!$G$4:$G$12,"Validation")=0,"",_xlfn.MAXIFS('02_RUNS'!$O$4:$O$12,'02_RUNS'!$B$4:$B$12,A10,'02_RUNS'!$D$4:$D$12,"Completed",'02_RUNS'!$G$4:$G$12,"Validation"))
M11: =IF(COUNTIFS('02_RUNS'!$B$4:$B$12,A11,'02_RUNS'!$D$4:$D$12,"Completed",'02_RUNS'!$G$4:$G$12,"Validation")=0,"",_xlfn.MAXIFS('02_RUNS'!$O$4:$O$12,'02_RUNS'!$B$4:$B$12,A11,'02_RUNS'!$D$4:$D$12,"Completed",'02_RUNS'!$G$4:$G$12,"Validation"))
M12: =IF(COUNTIFS('02_RUNS'!$B$4:$B$12,A12,'02_RUNS'!$D$4:$D$12,"Completed",'02_RUNS'!$G$4:$G$12,"Validation")=0,"",_xlfn.MAXIFS('02_RUNS'!$O$4:$O$12,'02_RUNS'!$B$4:$B$12,A12,'02_RUNS'!$D$4:$D$12,"Completed",'02_RUNS'!$G$4:$G$12,"Validation"))

Sheet 04_KD_COMPARE
A1: KNOWLEDGE DISTILLATION | compare same evaluation protocol
A3: Experiment ID | B3: Teacher | C3: Student baseline | D3: Student + KD | E3: KD method | F3: Seed | G3: Evaluation split | H3: Student mAP50 before | I3: Student mAP50 after | J3: Delta mAP50 | K3: Teacher mAP50 | L3: Retention vs teacher % | M3: Teacher params M | N3: Student params M | O3: Compression × | P3: Student latency before ms | Q3: Student latency after ms | R3: Speedup × | S3: Paper / repo / checkpoint | T3: Notes
J4: =IF(OR(H4="",I4=""),"",I4-H4) | L4: =IF(OR(K4="",I4="",K4=0),"",100*I4/K4) | O4: =IF(OR(M4="",N4="",N4=0),"",M4/N4) | R4: =IF(OR(P4="",Q4="",Q4=0),"",P4/Q4)
J5: =IF(OR(H5="",I5=""),"",I5-H5) | L5: =IF(OR(K5="",I5="",K5=0),"",100*I5/K5) | O5: =IF(OR(M5="",N5="",N5=0),"",M5/N5) | R5: =IF(OR(P5="",Q5="",Q5=0),"",P5/Q5)
J6: =IF(OR(H6="",I6=""),"",I6-H6) | L6: =IF(OR(K6="",I6="",K6=0),"",100*I6/K6) | O6: =IF(OR(M6="",N6="",N6=0),"",M6/N6) | R6: =IF(OR(P6="",Q6="",Q6=0),"",P6/Q6)
J7: =IF(OR(H7="",I7=""),"",I7-H7) | L7: =IF(OR(K7="",I7="",K7=0),"",100*I7/K7) | O7: =IF(OR(M7="",N7="",N7=0),"",M7/N7) | R7: =IF(OR(P7="",Q7="",Q7=0),"",P7/Q7)
J8: =IF(OR(H8="",I8=""),"",I8-H8) | L8: =IF(OR(K8="",I8="",K8=0),"",100*I8/K8) | O8: =IF(OR(M8="",N8="",N8=0),"",M8/N8) | R8: =IF(OR(P8="",Q8="",Q8=0),"",P8/Q8)
J9: =IF(OR(H9="",I9=""),"",I9-H9) | L9: =IF(OR(K9="",I9="",K9=0),"",100*I9/K9) | O9: =IF(OR(M9="",N9="",N9=0),"",M9/N9) | R9: =IF(OR(P9="",Q9="",Q9=0),"",P9/Q9)
J10: =IF(OR(H10="",I10=""),"",I10-H10) | L10: =IF(OR(K10="",I10="",K10=0),"",100*I10/K10) | O10: =IF(OR(M10="",N10="",N10=0),"",M10/N10) | R10: =IF(OR(P10="",Q10="",Q10=0),"",P10/Q10)
J11: =IF(OR(H11="",I11=""),"",I11-H11) | L11: =IF(OR(K11="",I11="",K11=0),"",100*I11/K11) | O11: =IF(OR(M11="",N11="",N11=0),"",M11/N11) | R11: =IF(OR(P11="",Q11="",Q11=0),"",P11/Q11)
J12: =IF(OR(H12="",I12=""),"",I12-H12) | L12: =IF(OR(K12="",I12="",K12=0),"",100*I12/K12) | O12: =IF(OR(M12="",N12="",N12=0),"",M12/N12) | R12: =IF(OR(P12="",Q12="",Q12=0),"",P12/Q12)
J13: =IF(OR(H13="",I13=""),"",I13-H13) | L13: =IF(OR(K13="",I13="",K13=0),"",100*I13/K13) | O13: =IF(OR(M13="",N13="",N13=0),"",M13/N13) | R13: =IF(OR(P13="",Q13="",Q13=0),"",P13/Q13)
J14: =IF(OR(H14="",I14=""),"",I14-H14) | L14: =IF(OR(K14="",I14="",K14=0),"",100*I14/K14) | O14: =IF(OR(M14="",N14="",N14=0),"",M14/N14) | R14: =IF(OR(P14="",Q14="",Q14=0),"",P14/Q14)
J15: =IF(OR(H15="",I15=""),"",I15-H15) | L15: =IF(OR(K15="",I15="",K15=0),"",100*I15/K15) | O15: =IF(OR(M15="",N15="",N15=0),"",M15/N15) | R15: =IF(OR(P15="",Q15="",Q15=0),"",P15/Q15)
... J23: =IF(OR(H23="",I23=""),"",I23-H23) | L23: =IF(OR(K23="",I23="",K23=0),"",100*I23/K23) | O23: =IF(OR(M23="",N23="",N23=0),"",M23/N23) | R23: =IF(OR(P23="",Q23="",Q23=0),"",P23/Q23)

Sheet 05_PER_CLASS
A1: PER-CLASS AP | add rows by model, seed and evaluation split
A3: Model | B3: Seed | C3: Evaluation split | D3: Class | E3: AP@0.5 | F3: AP@0.4 | G3: AP@0.5:0.95 | H3: Support boxes | I3: Recall | J3: Precision | K3: Notes
A4: YOLO26n | B4: 0 | C4: Validation | D4: Aortic enlargement | E4: 0.91929285 | G4: 0.58555355 | I4: 0.92923077 | J4: 0.71259146 | K4: From evaluation_yolo26n.7z; best.pt validation
A5: YOLO26n | B5: 0 | C5: Validation | D5: Atelectasis | E5: 0.29879991 | G5: 0.10631426 | I5: 0.23809524 | J5: 0.52691733 | K5: From evaluation_yolo26n.7z; best.pt validation
A6: YOLO26n | B6: 0 | C6: Validation | D6: Calcification | E6: 0.16454838 | G6: 0.063469106 | I6: 0.18309859 | J6: 0.311122 | K6: From evaluation_yolo26n.7z; best.pt validation
A7: YOLO26n | B7: 0 | C7: Validation | D7: Cardiomegaly | E7: 0.91854684 | G7: 0.62177965 | I7: 0.90598291 | J7: 0.73907968 | K7: From evaluation_yolo26n.7z; best.pt validation
A8: YOLO26n | B8: 0 | C8: Validation | D8: Consolidation | E8: 0.48320479 | G8: 0.18543982 | I8: 0.5 | J8: 0.5286338 | K8: From evaluation_yolo26n.7z; best.pt validation
A9: YOLO26n | B9: 0 | C9: Validation | D9: ILD | E9: 0.25788068 | G9: 0.11827933 | I9: 0.33846154 | J9: 0.28468706 | K9: From evaluation_yolo26n.7z; best.pt validation
A10: YOLO26n | B10: 0 | C10: Validation | D10: Infiltration | E10: 0.39010241 | G10: 0.17191412 | I10: 0.3844185 | J10: 0.55210978 | K10: From evaluation_yolo26n.7z; best.pt validation
A11: YOLO26n | B11: 0 | C11: Validation | D11: Lung Opacity | E11: 0.28569539 | G11: 0.11624021 | I11: 0.29015544 | J11: 0.42784959 | K11: From evaluation_yolo26n.7z; best.pt validation
A12: YOLO26n | B12: 0 | C12: Validation | D12: Nodule/Mass | E12: 0.25439685 | G12: 0.11846432 | I12: 0.2284264 | J12: 0.3890093 | K12: From evaluation_yolo26n.7z; best.pt validation
A13: YOLO26n | B13: 0 | C13: Validation | D13: Other lesion | E13: 0.10998513 | G13: 0.046314945 | I13: 0.1025641 | J13: 0.3256473 | K13: From evaluation_yolo26n.7z; best.pt validation
A14: YOLO26n | B14: 0 | C14: Validation | D14: Pleural effusion | E14: 0.37020621 | G14: 0.14780382 | I14: 0.41860465 | J14: 0.41918274 | K14: From evaluation_yolo26n.7z; best.pt validation
A15: YOLO26n | B15: 0 | C15: Validation | D15: Pleural thickening | E15: 0.20785534 | G15: 0.061827658 | I15: 0.18947368 | J15: 0.42519622 | K15: From evaluation_yolo26n.7z; best.pt validation
... A87: YOLO11n | B87: 0 | C87: Validation | D87: Pulmonary fibrosis | E87: 0.2052 | G87: 0.0734 | I87: 0.283 | J87: 0.2721 | K87: From YOLO11n_Seed0_Metrics.xlsx
A88: Pleural effusion | B88: 5 | C88: 0.44029566 | D88: 0.021884738 | E88: 0.40493017 | F88: 0.022711387 | G88: 0.38457972 | H88: 0.023137004 | I88: 0.15506696 | J88: 0.0067764606 | K88: evaluation_yolo26n/per_class_mean_std.csv
A89: Pleural thickening | B89: 5 | C89: 0.39396116 | D89: 0.017987204 | E89: 0.21299164 | F89: 0.022885678 | G89: 0.21461378 | H89: 0.01796171 | I89: 0.066518679 | J89: 0.005747381 | K89: evaluation_yolo26n/per_class_mean_std.csv
A90: Pneumothorax | B90: 5 | C90: 0.62348429 | D90: 0.08059562 | E90: 0.62716324 | F90: 0.076231273 | G90: 0.64002719 | H90: 0.06418095 | I90: 0.32103556 | J90: 0.035195137 | K90: evaluation_yolo26n/per_class_mean_std.csv
A91: Pulmonary fibrosis | B91: 5 | C91: 0.41171684 | D91: 0.024315342 | E91: 0.30371317 | F91: 0.019385961 | G91: 0.29246227 | H91: 0.011034233 | I91: 0.11098837 | J91: 0.0039792285 | K91: evaluation_yolo26n/per_class_mean_std.csv
A94: Note: AP@0.4 and support boxes are unavailable in the uploaded evaluation CSV; no values imputed.
A97: YOLO11n | B97: 1 | C97: Validation (as supplied) | D97: Aortic enlargement | E97: 0.90368698 | G97: 0.5734972 | I97: 0.90153846 | J97: 0.71058511 | K97: YOLO11n_Seeds1_2_3_4_Full_Metrics.xlsx; class 0
A98: YOLO11n | B98: 1 | C98: Validation (as supplied) | D98: Atelectasis | E98: 0.10589622 | G98: 0.050981962 | I98: 0.23809524 | J98: 0.20746741 | K98: YOLO11n_Seeds1_2_3_4_Full_Metrics.xlsx; class 1
A99: YOLO11n | B99: 1 | C99: Validation (as supplied) | D99: Calcification | E99: 0.099083715 | G99: 0.039217364 | I99: 0.13993053 | J99: 0.24875129 | K99: YOLO11n_Seeds1_2_3_4_Full_Metrics.xlsx; class 2
A100: YOLO11n | B100: 1 | C100: Validation (as supplied) | D100: Cardiomegaly | E100: 0.91457215 | G100: 0.63076272 | I100: 0.91025641 | J100: 0.73539317 | K100: YOLO11n_Seeds1_2_3_4_Full_Metrics.xlsx; class 3
A101: YOLO11n | B101: 1 | C101: Validation (as supplied) | D101: Consolidation | E101: 0.38030247 | G101: 0.14598403 | I101: 0.44736842 | J101: 0.3680577 | K101: YOLO11n_Seeds1_2_3_4_Full_Metrics.xlsx; class 4
A102: YOLO11n | B102: 1 | C102: Validation (as supplied) | D102: ILD | E102: 0.23776429 | G102: 0.10991658 | I102: 0.24615385 | J102: 0.30458922 | K102: YOLO11n_Seeds1_2_3_4_Full_Metrics.xlsx; class 5
A103: YOLO11n | B103: 1 | C103: Validation (as supplied) | D103: Infiltration | E103: 0.28555463 | G103: 0.10096137 | I103: 0.33049964 | J103: 0.49783989 | K103: YOLO11n_Seeds1_2_3_4_Full_Metrics.xlsx; class 6
A104: YOLO11n | B104: 1 | C104: Validation (as supplied) | D104: Lung Opacity | E104: 0.18893053 | G104: 0.074200049 | I104: 0.25388601 | J104: 0.31916587 | K104: YOLO11n_Seeds1_2_3_4_Full_Metrics.xlsx; class 7
A105: YOLO11n | B105: 1 | C105: Validation (as supplied) | D105: Nodule/Mass | E105: 0.20070392 | G105: 0.084722087 | I105: 0.24760963 | J105: 0.38475 | K105: YOLO11n_Seeds1_2_3_4_Full_Metrics.xlsx; class 8
A106: YOLO11n | B106: 1 | C106: Validation (as supplied) | D106: Other lesion | E106: 0.038045937 | G106: 0.015532066 | I106: 0.025641026 | J106: 0.16365125 | K106: YOLO11n_Seeds1_2_3_4_Full_Metrics.xlsx; class 9
A107: YOLO11n | B107: 1 | C107: Validation (as supplied) | D107: Pleural effusion | E107: 0.26656605 | G107: 0.10406478 | I107: 0.41860465 | J107: 0.27294056 | K107: YOLO11n_Seeds1_2_3_4_Full_Metrics.xlsx; class 10
A108: YOLO11n | B108: 1 | C108: Validation (as supplied) | D108: Pleural thickening | E108: 0.16581038 | G108: 0.052911494 | I108: 0.18157895 | J108: 0.36288593 | K108: YOLO11n_Seeds1_2_3_4_Full_Metrics.xlsx; class 11
... A152: YOLO11n | B152: 4 | C152: Validation (as supplied) | D152: Pulmonary fibrosis | E152: 0.23026341 | G152: 0.076285847 | I152: 0.25003553 | J152: 0.32843465 | K152: YOLO11n_Seeds1_2_3_4_Full_Metrics.xlsx; class 13

Sheet 00_README
A1: VINDr-CXR | Experiment tracking workbook
A3: Sheet | B3: Mục đích / cách nhập
A4: 01_MODELS | B4: Điền tên model, bài báo/nguồn gốc, tác giả, DOI, code, cấu hình chuẩn. Model chưa xác nhận là placeholder.
A5: 02_RUNS | B5: Mỗi hàng = một lần train với seed cụ thể. Sửa Status = Completed sau khi hoàn tất train VÀ có kết quả validation đúng split.
A6: 03_SUMMARY | B6: Tự tổng hợp các seed, dùng Validation mAP50 để so sánh đồng nhất. SD dựa trên 5 ô mỗi model, chỉ có nghĩa khi đã điền >= 2 seed.
A7: 04_KD_COMPARE | B7: So sánh teacher, student baseline, student+KD trên cùng test/split và metric. Điền ô vàng/trống, ô công thức tự tính.
A8: 05_PER_CLASS | B8: Mỗi hàng = AP một bệnh của một model/seed/split. 14 nhóm bệnh theo chuẩn VinDr-CXR.
A9: Input conventions | B9: mAP / precision / recall nhập tỉ lệ thập phân 0–1 (ví dụ 0.415), không nhập 41.5.
A10: Training time | B10: results.csv thường có cột time (giây cộng dồn tùy phiên bản). Điền tổng thời gian giây ở 02_RUNS cột S; cột R tính wall-clock hours từ P/Q.
A11: Important | B11: Không lấy mAP từ training validation thay cho official test. Chỉ so sánh các run cùng split, dữ liệu, img size và cách tính metric.
A12: Metric sources | B12: Ultralytics results.csv: metrics/precision(B), metrics/recall(B), metrics/mAP50(B), metrics/mAP50-95(B); best.pt/last.pt và args.yaml.
A13: Other evidence | B13: Lưu confusion matrix, PR curves, val predictions, data.yaml, full command, logs, GPU thông tin và commit để tái lập.
A14: Model paper notes | B14: YOLOv11-MFF model source was listed in project GitHub with repository link. Paper details require validation against the PDF.
... A25: Per-class | B25: Existing 14-class YOLO26n × 5-seed data preserved; new results.csv logs do NOT include per-class AP.

Sheet 06_SLIDE_TABLE
A1: SLIDE TABLE | VinDr-CXR (validation; metric origin labeled)
A2: YOLO11n & YOLO26n: 5-seed validation. YOLO11m / YOLO26s / YOLOv8s: seed 0 confirmed by user (log only). MFF: seed 4 only.
A4: Model | B4: Role (provisional) | C4: Seed | D4: Seeds confirmed | E4: Precision | F4: Recall | G4: mAP50 | H4: mAP50-95 | I4: Train h (log)
A5: YOLO26n | B5: Student / Baseline | C5: 500 | D5: 5/5 | E5: 0.46172054 | F5: 0.40184558 | G5: 0.39527484 | H5: 0.19897238 | I5: 44.852
A6: YOLOv11-MFF | B6: Student / Baseline | C6: 300 | D6: 1/5 | E6: 0.44918 | F6: 0.32561 | G6: 0.32394 | H6: 0.16862 | I6: 28.415
A7: YOLO11m | B7: Teacher candidate | C7: 100 | D7: 1/5 (seed 0) | E7: 0.24639 | F7: 0.21037 | G7: 0.17984 | H7: 0.09154 | I7: 15.075056
A8: YOLO11n | B8: Student / Baseline | C8: 500 | D8: 5/5 | E8: 0.36570122 | F8: 0.34295823 | G8: 0.30540672 | H8: 0.15268895
A9: YOLO26n | B9: Student / Baseline | C9: 100 | D9: 1/5 (seed 0) | E9: 0.41252 | F9: 0.33673 | G9: 0.32264 | H9: 0.1621 | I9: 14.002
A10: YOLO26s | B10: Student / Baseline | C10: 100 | D10: 1/5 (seed 0) | E10: 0.42361 | F10: 0.3046 | G10: 0.28846 | H10: 0.13884 | I10: 22.647944
A11: YOLOv8s | B11: Student / Baseline | C11: 100 | D11: 1/5 (seed 0) | E11: 0.37956 | F11: 0.2695 | G11: 0.2737 | H11: 0.13759 | I11: 12.910806
A13: 03\_YOLOv11-MFF\_PLOSONE\_2025
A14: YOLO11n | E14: 42.2 | F14: 38.7 | G14: 38.8 | H14: 21.4 | J14: Trên VinDrCXr
A15: YOLO11n | E15: 33.6 | F15: 32.4 | G15: 26.2 | H15: 14.3 | J15: Trên SZ-HospCXR

Sheet 07_NEW_CSV_RUNS
A1: NEW FILES | unverified seeds; best epoch selected by validation mAP50-95
A3: Model | B3: Source CSV | C3: Seed | D3: Epochs logged | E3: Best epoch | F3: Precision | G3: Recall | H3: F1 | I3: mAP50 | J3: mAP50-95 | K3: Elapsed time (h) | L3: Role (provisional) | M3: Comparability
A4: YOLO11m | B4: yolo11m.csv | C4: 0 | D4: 41 | E4: 33 | F4: 0.24639 | G4: 0.21037 | H4: 0.22695974 | I4: 0.17984 | J4: 0.09154 | K4: 15.075056 | L4: Teacher candidate | M4: Seed 0 confirmed by user; CSV only, evaluation split/weights not yet verified; do not duplicate run
A5: YOLO11n | B5: 11n.csv | C5: Unknown | D5: 100 | E5: 83 | F5: 0.36169 | G5: 0.33637 | H5: 0.3485708 | I5: 0.29978 | J5: 0.14797 | K5: 10.181667 | L5: Student / Baseline | M5: Not pooled with confirmed 5 seeds
A6: YOLO26n | B6: 26n.csv | C6: Unknown | D6: 100 | E6: 100 | F6: 0.41252 | G6: 0.33673 | H6: 0.37079175 | I6: 0.32264 | J6: 0.1621 | K6: 14.002 | L6: Student / Baseline | M6: Not pooled with confirmed 5 seeds
A7: YOLO26s | B7: 26s.csv | C7: 0 | D7: 100 | E7: 70 | F7: 0.42361 | G7: 0.3046 | H7: 0.35438021 | I7: 0.28846 | J7: 0.13884 | K7: 22.647944 | L7: Student / Baseline | M7: Seed 0 confirmed by user; CSV only, evaluation split/weights not yet verified; do not duplicate run
A8: YOLOv8s | B8: v8s.csv | C8: 0 | D8: 93 | E8: 63 | F8: 0.37956 | G8: 0.2695 | H8: 0.31519866 | I8: 0.2737 | J8: 0.13759 | K8: 12.910806 | L8: Student / Baseline | M8: Seed 0 confirmed by user; CSV only, evaluation split/weights not yet verified; do not duplicate run

Sheet 08_YOLO11n_CLASS_SUMMARY
A1: YOLO11n | per-class Mean ± Std from seeds 1, 2, 3, 4
A3: Class ID | B3: Class | C3: Precision mean | D3: Precision SD | E3: Recall mean | F3: Recall SD | G3: AP50 mean | H3: AP50 SD | I3: AP50-95 mean | J3: AP50-95 SD | K3: N seeds
A4: 0 | B4: Aortic enlargement | C4: 0.71519448 | D4: 0.0073241666 | E4: 0.90163092 | F4: 0.0051766872 | G4: 0.89802876 | H4: 0.0047770749 | I4: 0.56671578 | J4: 0.0078709481 | K4: 4
A5: 1 | B5: Atelectasis | C5: 0.2222337 | D5: 0.026144035 | E5: 0.24936873 | F5: 0.060099578 | G5: 0.15842351 | H5: 0.035421164 | I5: 0.062151633 | J5: 0.01045874 | K5: 4
A6: 2 | B6: Calcification | C6: 0.29244426 | D6: 0.053710099 | E6: 0.15286827 | F6: 0.020441633 | G6: 0.11101324 | H6: 0.017004953 | I6: 0.038110293 | J6: 0.0028924592 | K6: 4
A7: 3 | B7: Cardiomegaly | C7: 0.75755511 | D7: 0.015366287 | E7: 0.90598291 | F7: 0.011034141 | G7: 0.91793117 | H7: 0.0054963187 | I7: 0.62750276 | J7: 0.0058686091 | K7: 4
A8: 4 | B8: Consolidation | C8: 0.36256611 | D8: 0.05314808 | E8: 0.42105263 | F8: 0.048045838 | G8: 0.36874534 | H8: 0.016974741 | I8: 0.1458387 | J8: 0.0028519926 | K8: 4
A9: 5 | B9: ILD | C9: 0.32123069 | D9: 0.02434303 | E9: 0.19961822 | F9: 0.048333437 | G9: 0.19718697 | H9: 0.031540525 | I9: 0.086465024 | J9: 0.016643717 | K9: 4
A10: 6 | B10: Infiltration | C10: 0.37898155 | D10: 0.080869985 | E10: 0.28389603 | F10: 0.03117865 | G10: 0.26219772 | H10: 0.016645717 | I10: 0.094462299 | J10: 0.0089430178 | K10: 4
A11: 7 | B11: Lung Opacity | C11: 0.28167537 | D11: 0.02613848 | E11: 0.25962492 | F11: 0.015456124 | G11: 0.19603531 | H11: 0.013247432 | I11: 0.077395625 | J11: 0.0056746159 | K11: 4
A12: 8 | B12: Nodule/Mass | C12: 0.38818155 | D12: 0.043421512 | E12: 0.22088511 | F12: 0.026622744 | G12: 0.20212699 | H12: 0.019377371 | I12: 0.086635794 | J12: 0.0093087155 | K12: 4
A13: 9 | B13: Other lesion | C13: 0.1605459 | D13: 0.046298462 | E13: 0.041025641 | F13: 0.015097027 | G13: 0.038193465 | H13: 0.006008086 | I13: 0.01289568 | J13: 0.0027936477 | K13: 4
A14: 10 | B14: Pleural effusion | C14: 0.29699669 | D14: 0.029503736 | E14: 0.42596149 | F14: 0.0086228867 | G14: 0.27886374 | H14: 0.02818952 | I14: 0.11157336 | J14: 0.009722903 | K14: 4
A15: 11 | B15: Pleural thickening | C15: 0.35689948 | D15: 0.028664659 | E15: 0.16459326 | F15: 0.024835866 | G15: 0.16577664 | H15: 0.016066421 | I15: 0.052830912 | J15: 0.0050258281 | K15: 4
... A17: 13 | B17: Pulmonary fibrosis | C17: 0.31405408 | D17: 0.012619634 | E17: 0.27633525 | F17: 0.01836517 | G17: 0.22727571 | H17: 0.0046527935 | I17: 0.077395085 | J17: 0.0013600336 | K17: 4
A20: Source | B20: YOLO11n_Seeds1_2_3_4_Full_Metrics.xlsx
A21: Caveat | B21: Seed 0 absent; split and evaluation protocol require confirmation.

Sheet 09_YOLO11n_SEEDS
A1: YOLO11n | confirmed seed-level results (1–4)
A3: Model | B3: Seed | C3: Epochs logged | D3: Precision | E3: Recall | F3: mAP50 | G3: mAP50-95 | H3: F1 | I3: Train h | J3: Source
A4: YOLO11n | B4: 1 | C4: 100 | D4: 0.3710306 | E4: 0.35387421 | F4: 0.30690194 | G4: 0.15540026 | H4: 0.36224938 | J4: YOLO11n_Seeds1_2_3_4_Full_Metrics.xlsx
A5: YOLO11n | B5: 2 | C5: 100 | D5: 0.37233846 | E5: 0.33126696 | F5: 0.30388112 | G5: 0.15286816 | H5: 0.35060398 | J5: YOLO11n_Seeds1_2_3_4_Full_Metrics.xlsx
A6: YOLO11n | B6: 3 | C6: 100 | D6: 0.34744292 | E6: 0.36166071 | F6: 0.31311466 | G6: 0.15395171 | H6: 0.35440928 | J6: YOLO11n_Seeds1_2_3_4_Full_Metrics.xlsx
A7: YOLO11n | B7: 4 | C7: 99 | D7: 0.37581037 | E7: 0.330931 | F7: 0.30354665 | G7: 0.1534194 | H7: 0.35194572 | J7: YOLO11n_Seeds1_2_3_4_Full_Metrics.xlsx
A8: YOLO11n | B8: 0 | D8: 0.36188374 | E8: 0.33705829 | F8: 0.29958923 | G8: 0.14780523 | H8: 0.34903013 | J8: YOLO11n_Seed0_Metrics.xlsx
A9: MEAN (5 seeds) | D9: 0.36570122 | E9: 0.34295823 | F9: 0.30540672 | G9: 0.15268895 | H9: 0.35480209 | J9: Seed 0 missing
A10: STD (sample) | D10: 0.0114301 | E10: 0.014009735 | F10: 0.0050318615 | G10: 0.0028880002 | H10: 0.00520895 | J10: STDEV.S

Sheet 10_YOLO11n_5SEED_SUMMARY
A1: Metric | B1: Mean | C1: Std (sample) | D1: Seeds | E1: Scale | F1: Source
A2: Precision | B2: 0.36570122 | C2: 0.0114301 | D2: 5 | E2: 0–1 | F2: Seed0 + seeds1-4 metric workbooks
A3: Recall | B3: 0.34295823 | C3: 0.014009735 | D3: 5 | E3: 0–1 | F3: Seed0 + seeds1-4 metric workbooks
A4: mAP50 | B4: 0.30540672 | C4: 0.0050318615 | D4: 5 | E4: 0–1 | F4: Seed0 + seeds1-4 metric workbooks
A5: mAP50-95 | B5: 0.15268895 | C5: 0.0028880002 | D5: 5 | E5: 0–1 | F5: Seed0 + seeds1-4 metric workbooks
A8: Seed | B8: Precision | C8: Recall | D8: mAP50 | E8: mAP50-95 | F8: Note
A9: 0 | B9: 0.36188374 | C9: 0.33705829 | D9: 0.29958923 | E9: 0.14780523 | F9: Validation; training time not included
A10: 1 | B10: 0.3710306 | C10: 0.35387421 | D10: 0.30690194 | E10: 0.15540026 | F10: Validation; training time not included
A11: 2 | B11: 0.37233846 | C11: 0.33126696 | D11: 0.30388112 | E11: 0.15286816 | F11: Validation; training time not included
A12: 3 | B12: 0.34744292 | C12: 0.36166071 | D12: 0.31311466 | E12: 0.15395171 | F12: Validation; training time not included
A13: 4 | B13: 0.37581037 | C13: 0.330931 | D13: 0.30354665 | E13: 0.1534194 | F13: Validation; training time not included

Sheet 11_YOLO11n_CLASS_5SEEDS
A1: Class ID | B1: Class | C1: P mean | D1: P SD | E1: R mean | F1: R SD | G1: AP50 mean | H1: AP50 SD | I1: AP50-95 mean | J1: AP50-95 SD | K1: N seeds
A2: 0 | B2: Aortic enlargement | C2: 0.72083558 | D2: 0.014118884 | E2: 0.90140474 | F2: 0.0045115814 | G2: 0.89784301 | H2: 0.0041578664 | I2: 0.56619263 | J2: 0.0069160924 | K2: 5
A3: 1 | B3: Atelectasis | C3: 0.21666696 | D3: 0.025837491 | E3: 0.23759499 | F3: 0.058327309 | G3: 0.16307881 | H3: 0.032393721 | I3: 0.062241307 | J3: 0.0090597539 | K3: 5
A4: 2 | B4: Calcification | C4: 0.27919541 | D4: 0.055147451 | E4: 0.15891462 | F4: 0.022275249 | G4: 0.1121106 | H4: 0.014929743 | I4: 0.038268235 | J4: 0.0025297169 | K4: 5
A5: 3 | B5: Cardiomegaly | C5: 0.75482409 | D5: 0.014641875 | E5: 0.90512632 | F5: 0.0097459146 | G5: 0.91668494 | H5: 0.005515672 | I5: 0.62654221 | J5: 0.0055175835 | K5: 5
A6: 4 | B6: Consolidation | C6: 0.35639289 | D6: 0.04805291 | E6: 0.42632211 | F6: 0.0432451 | G6: 0.36121627 | H6: 0.022350406 | I6: 0.13801096 | J6: 0.017676762 | K6: 5
A7: 5 | B7: ILD | C7: 0.32418455 | D7: 0.022092167 | E7: 0.19553457 | F7: 0.042842404 | G7: 0.19830958 | H7: 0.027429997 | I7: 0.08409202 | J7: 0.015359549 | K7: 5
A8: 6 | B8: Infiltration | C8: 0.36808524 | D8: 0.074152638 | E8: 0.26797682 | F8: 0.044678705 | G8: 0.25519817 | H8: 0.021278579 | I8: 0.092709839 | J8: 0.0086797899 | K8: 5
A9: 7 | B9: Lung Opacity | C9: 0.2876403 | D9: 0.02627388 | E9: 0.26053994 | F9: 0.013540867 | G9: 0.19264825 | H9: 0.013747066 | I9: 0.0767365 | J9: 0.0051306119 | K9: 5
A10: 8 | B10: Nodule/Mass | C10: 0.37814524 | D10: 0.043791647 | E10: 0.22036808 | F10: 0.02308494 | G10: 0.19954159 | H10: 0.017749177 | I10: 0.083768635 | J10: 0.010300104 | K10: 5
A11: 9 | B11: Other lesion | C11: 0.18517672 | D11: 0.06812523 | E11: 0.045120513 | F11: 0.015961831 | G11: 0.043534772 | H11: 0.013027687 | I11: 0.014876544 | J11: 0.0050470252 | K11: 5
A12: 10 | B12: Pleural effusion | C12: 0.30567735 | D12: 0.032087729 | E12: 0.42658919 | F12: 0.0075984002 | G12: 0.28173099 | H12: 0.025240691 | I12: 0.11301869 | J12: 0.0090192012 | K12: 5
A13: 11 | B13: Pleural thickening | C13: 0.35329958 | D13: 0.026096806 | E13: 0.1695746 | F13: 0.024221568 | G13: 0.16834131 | H13: 0.015049423 | I13: 0.053104729 | J13: 0.0043953488 | K13: 5
... A15: 13 | B15: Pulmonary fibrosis | C15: 0.30566326 | D15: 0.021713368 | E15: 0.2776682 | F15: 0.016181575 | G15: 0.22286056 | H15: 0.010663195 | I15: 0.076596068 | J15: 0.0021399556 | K15: 5

Sheet 12_SEED_AUDIT
A1: Model | B1: Seed | C1: CSV source | D1: Recorded status | E1: Independent verification | F1: Next action
A2: YOLO11n | B2: 0–4 | C2: Seed0_Metrics + Seeds1_2_3_4_Full_Metrics | D2: 5/5 verified in evaluation tables | E2: Per-class available | F2: Verify protocol/splits
A3: YOLO26n | B3: 0–4 | C3: evaluation_yolo26n.7z | D3: 5/5 verified in evaluation tables | E3: Per-class available | F3: Verify protocol/splits
A4: YOLO11m | B4: 0 | C4: yolo11m.csv | D4: Seed 0 confirmed by user | E4: args.yaml / checkpoint not yet checked | F4: Verify args.yaml and best.pt
A5: YOLO26s | B5: 0 | C5: 26s.csv | D5: Seed 0 confirmed by user | E5: args.yaml / checkpoint not yet checked | F5: Verify args.yaml and best.pt
A6: YOLOv8s | B6: 0 | C6: v8s.csv | D6: Seed 0 confirmed by user | E6: args.yaml / checkpoint not yet checked | F6: Verify args.yaml and best.pt
A7: YOLOv11-MFF | B7: 4 | C7: results_11mff(1).csv | D7: Seed 4 previously identified | E7: Seed 0 not available | F7: Find seed 0 checkpoint/log
